Feature,Mean,Std
Astronomy,40.90190274427755,520.9782112408716
Herbology,1.1473362277787957,5.22684147592697
Divination,3.166977713874908,4.165856638547766
Muggle Studies,-222.8735023825391,485.35477246321994
Ancient Runes,495.55792971728226,106.42027044803375
History of Magic,2.9958513153894013,4.422401117289921
Charms,-243.34370140186928,8.78159031343109
