Hogwarts House,Ancient Runes,Astronomy,Charms,Defense Against the Dark Arts,Divination,Herbology,Flying
Slytherin,-1.1226952485546753,-0.9190842385813345,-0.968581172536271,0.9190842385813359,-2.571402657220794,-1.3741238000765548,-0.9908019681337651
Gryffindor,1.6791383031600167,0.32093283136963885,-1.2786580560511647,-0.3209328313696381,0.6779544951684215,-1.95780559598496,2.4951495335607166
Hufflepuff,-2.088240036803579,1.3925349651153869,-0.10798761520747813,-1.392534965115387,0.5393268249837379,1.6321753990076604,-1.1412755966002486
Ravenclaw,1.8397027380945181,-1.1002463410374743,1.8593876130268112,1.1002463410374765,0.5989516786679485,0.8992103895790617,-0.14283633089209538
