Hogwarts House,Astronomy,Herbology,Divination,Muggle Studies,Ancient Runes,History of Magic,Charms
Gryffindor,0.4408930686876369,-0.7289292179766474,0.39726058017920696,-0.16262867066547887,0.8787325253253407,-1.1738558340916374,-0.5110161566964815
Hufflepuff,1.0102828081428932,0.9108374158279596,0.5373423043912228,-0.5655015478970955,-1.0356149149222893,0.5968920648944798,-0.0824246637212333
Ravenclaw,-0.7972942854590427,0.35435501554000126,0.2044605251477227,1.0587374555770908,0.7954748975178609,0.14874032790144703,0.9055757719627997
Slytherin,-0.8261091405158304,-0.6810684465094882,-1.247193094839931,-0.18961582908436542,-0.4702369860346027,0.3638625431450796,-0.29343161830701087
