Hogwarts House,Astronomy,Herbology,Divination,Muggle Studies,Ancient Runes,History of Magic,Charms
Hufflepuff,1.89325466490962,1.6745773913903144,0.8863892253117726,-0.8199996010774215,-1.925613470402425,1.0727059395263967,-0.2612345007452149
Ravenclaw,-1.389379437978899,0.5921031550850316,0.2615058532803074,1.8372233386109937,1.3248719043064094,0.17955820156293856,1.448941859926751
Slytherin,-1.7509180322649325,-1.4073134459045553,-2.6713049535057447,-0.4492214250417699,-0.9928918494001708,0.8447061456911172,-0.5157994788898352
Gryffindor,0.8146614500440712,-1.6192706439866589,0.8848663904268816,-0.3172498183071282,1.9414149007677315,-2.3547504265233967,-0.9506540657374367
